{
    "liczba budynków – suma": -0.08992952643920202,
    "liczba budynków - mieszkalnych": -0.11425765773674135,
    "liczba mieszkań - mieszkalnych według DataWise": -0.06584233230533698,
    "szacowana liczba mieszkańców razem": -0.05031906288689121,
    "średnia liczba osób na gospodarstwo domowe": -0.024802770803743445,
    "gęstość zaludnienia osób na km2": -0.256325613037734,
    "szacowany średni wiek mieszkańców razem": 0.06564306786295862,
    "populacja - procent kobiet": 0.27392122111564776,
    "populacja - procent mężczyzn": -0.09208446080072719,
    "przykład: 4.13": 0.17276098041009735,
    "populacja - procentowe kategorie wiekowe od 5 do 9 lat": 3.8324118316815303,
    "populacja - kategorie wiekowe od 10 do 14 lat": 4.305093321198571,
    "populacja - procentowe kategorie wiekowe od 15 do 19 lat": 8.134595824249704,
    "populacja - procentowe kategorie wiekowe od 20 do 24 lat": 6.0991011064347935,
    "populacja - procentowe kategorie wiekowe od 25 do 29 lat": 6.9510371029625375,
    "populacja - procentowe kategorie wiekowe od 30 do 34 lat": 10.476609009251757,
    "populacja - kategorie wiekowe od 35 do 39 lat": 11.324051954897438,
    "populacja - procentowe kategorie wiekowe od 40 do 44 lat": 51.36803203625569,
    "populacja - procentowe kategorie wiekowe od 45 do 49 lat": 17.821074600529325,
    "populacja - procentowe kategorie wiekowe od 50 do 54 lat": 79.31213661373451,
    "populacja - procentowe kategorie wiekowe od 55 do 59 lat": 5.634628608043213,
    "populacja - procentowe kategorie wiekowe od 60 do 64 lat": 3.668877042114736,
    "populacja - procentowe kategorie wiekowe od 65 do 69 lat": 14.420990873145778,
    "populacja - procent kategorii wiekowych od 70 do 75 lat": 10.379532215919268,
    "populacja - procent kategorii wiekowych powyżej 75 lat": 7.61280097306297,
    "liczba firm prywatnych": 0.16254787701288437,
    "liczba firm KRS RAZEM": 0.022058741153485828,
    "szacunkowa liczba osób pracujących w obszarze": -0.11411293015085384,
    "wskaźnik atrakcyjności - średnia wartość dla obszaru chwytania": 0.06517857479254978,
    "wskaźnik atrakcyjności - wartość dla punktu XY": -0.19004654775473373,
    "liczba punktów POI - ogółem": -0.11859920606103555,
    "liczba punktów POI - bankomat (bankomat)": 0.01849287149384713,
    "liczba punktów POI - oddział banku": 0.16632272616503582,
    "liczba punktów POI - centrum handlowe (centrum handlowe)": -0.0213428056310911,
    "liczba punktów POI - kategoria edukacji ogółem": -0.15747518711349112,
    "liczba punktów POI - przedszkole edukacyjne": -0.19625823678585302,
    "liczba punktów POI - edukacja szkoła podstawowa": 0.03728360402588939,
    "liczba punktów POI - szkoła średnia": 0.1869754193372631,
    "liczba punktów POI - wykształcenie wyższe / uniwersytet": -0.17902488031708774,
    "liczba punktów POI - suma detaliczna": 0.1084441396679936,
    "liczba punktów POI - wygoda sprzedaży": 0.22998052876989888,
    "liczba punktów POI - drogeria detaliczna (drogeria)": -0.03599989253043012,
    "liczba punktów POI - sklep dyskontowy detaliczny": -0.018281233975444476,
    "liczba punktów POI - hipermarket detaliczny": 0.0,
    "liczba punktów POI - supermarket detaliczny": 0.062315317541578444,
    "liczba punktów POI - gry / zagrożenia / lotto": -0.03372475702257187,
    "liczba punktów POI - HoReCa (hotele / restauracje / kawiarnia)": -0.09453999002989236,
    "liczba punktów POI - miejsca kultu (kościół)": 0.08940945568666958,
    "liczba punktów POI - poczta (poczta)": -0.17623019692942007,
    "liczba punktów POI - rozrywka i kult": 0.17912104994582617,
    "liczba punktów POI - stacja benzynowa (stacja paliw)": -0.019770184503137188,
    "liczba punktów POI - stacja kolejowa transportu": 0.09002209687994642,
    "liczba punktów POI - suma transportu": -0.10042182322303814,
    "liczba punktów POI - przystanki transportu": 0.2605917178848144,
    "liczba punktów POI - biuro / administracja publiczna": -0.09254779757396206,
    "liczba punktów POI - suma zdrowia": 0.11154111827643427,
    "liczba punktów POI - apteka zdrowia": -0.21490187820216383,
    "liczba punktów POI - suma alco (sprzedaż detaliczna + horeca)": 0.07932911577134902,
    "liczba punktów POI - sklep detaliczny": 0.18677063589020718,
    "liczba punktów POI - alco horeca": -0.22716375765283875,
    "odległość w metrach do najbliższego POI (-1 = większy niż 5000 m) - bankomat (bankomat)": 0.04192268032245865,
    "odległość w metrach do najbliższego POI (-1 = większy niż 5000 m) - oddział banku": 0.09437693539444178,
    "odległość w metrach do najbliższego POI (-1 = większa niż 5000 m) - centrum handlowe (centrum handlowe)": -0.03636188852308346,
    "odległość w metrach do najbliższego POI (-1 = większa niż 5000 m) - kategoria edukacji ogółem": -0.19142251696977125,
    "odległość w metrach do najbliższego POI (-1 = większy niż 5000 m) - przedszkole edukacyjne": 0.17835751536930342,
    "odległość w metrach do najbliższego POI (-1 = więcej niż 5000 m) - szkoła podstawowa edukacji": 0.11242010601531308,
    "odległość w metrach do najbliższego POI (-1 = więcej niż 5000 m) - szkoła średnia edukacyjna": 0.15863569228180907,
    "odległość w metrach do najbliższego punktu POI (-1 = większa niż 5000 m) - wykształcenie wyższe / uniwersytet": -0.3475659044083918,
    "odległość w metrach do najbliższego POI (-1 = więcej niż 5000 m) - suma detaliczna": 0.07933688598747812,
    "odległość w metrach do najbliższego POI (-1 = większy niż 5000 m) - wygoda sprzedaży detalicznej": -0.059608142392904684,
    "odległość w metrach do najbliższego POI (-1 = więcej niż 5000 m) - drogeria w sklepie (drogeria)": -0.058669211848410674,
    "odległość w metrach do najbliższego punktu POI (-1 = większy niż 5000 m) - detaliczny sklep dyskontowy": -0.07480849694466758,
    "odległość w metrach do najbliższego POI (-1 = większy niż 5000 m) - hipermarket handlowy": -0.005696394476257893,
    "odległość w metrach do najbliższego POI (-1 = większy niż 5000 m) - supermarket detaliczny": -0.09870356245130858,
    "odległość w metrach do najbliższego POI (-1 = większy niż 5000 m) - gry / hazard / lotto": 0.107772232764178,
    "odległość w metrach do najbliższego POI (-1 = większa niż 5000 m) - HoReCa (hotele / restauracje / kawiarnia)": 0.06776222658254646,
    "odległość w metrach do najbliższego POI (-1 = większy niż 5000 m) - miejsca kultu (kościół)": -0.11212215189612999,
    "odległość w metrach do najbliższego POI (-1 = większa niż 5000 m) - poczta (poczta)": -0.1364838770937796,
    "odległość w metrach do najbliższego POI (-1 = większy niż 5000 m) - rozrywka i kult": 0.03466749333411223,
    "odległość w metrach do najbliższego POI (-1 = większe niż 5000 m) - stacja benzynowa (stacja paliw)": 0.11881542925657826,
    "odległość w metrach do najbliższego punktu POI (-1 = większa niż 5000 m) - suma transportu": -0.013148546105590464,
    "odległość w metrach do najbliższego POI (-1 = większy niż 5000 m) - stacja kolejowa transportu": -0.04166154078493563,
    "odległość w metrach do najbliższego POI (-1 = większy niż 5000 m) - zatrzymuje się transport": -0.07685537330438104,
    "odległość w metrach do najbliższego POI (-1 = więcej niż 5000 m) - biuro / administracja publiczna": -0.031294823441528674,
    "odległość w metrach do najbliższego POI (-1 = więcej niż 5000 m) - suma zdrowia": -0.038549320528586686,
    "odległość w metrach do najbliższego POI (-1 = większy niż 5000 m) - apteka zdrowia": 0.04239582032741307
}