{
    "mwg7": 72.74528877524612,
    "mwg7d": -72.74659583454448,
    "area_km2": 0.1382253343198367,
    "bld_t": 0.16281622344124808,
    "bld_r": 0.006479605849747669,
    "apts_t": 0.003912321474936508,
    "apts_r": 0.029683739591044467,
    "pop_apts": -0.2123747524572961,
    "pop_tot": 0.7323610240778269,
    "hh_size": 0.013298461304402284,
    "pop_den": 0.21469781118554962,
    "pop_ax_t": -0.13029897985876263,
    "pprf": -0.24432019899179833,
    "pprm": 0.41140500823443255,
    "ppr0004": 0.07735638273995031,
    "ppr0509": -0.1191123184255508,
    "ppr1014": -0.2544624979515115,
    "ppr1519": 0.007728718045844021,
    "ppr2024": -0.2832249563099433,
    "ppr2529": -0.07877683432714172,
    "ppr3034": 0.6482846369648498,
    "ppr3539": -0.20227986198174414,
    "ppr4044": -0.18400018371658705,
    "ppr4549": -0.30686527906171546,
    "ppr5054": -0.21723747454903755,
    "ppr5559": -0.15573366263959232,
    "ppr6064": -0.03181442092157236,
    "ppr6569": 0.28825055234193514,
    "ppr7074": 0.07491514767646372,
    "ppr7599": 0.7045037089671428,
    "pbne_fcs": -5.64028755340041,
    "pbne_fi": 2.110413241284361,
    "pbne_fpu": -0.7086463711745163,
    "pbne_rsf": 32.203708244741826,
    "pbne_rmb": -10.93045417029894,
    "pbne_rmt": -18.307794037115112,
    "pbne_un": 1.2620403146446648,
    "dinc_tot": -1.2421670473464754,
    "dinc_pc": 0.058672322883077756,
    "cs_all_tot": -0.046813827614726425,
    "cs_all_pc": -0.0369383261237342,
    "cs_fdb_tot": 1.1902115741698087,
    "cs_fdb_pc": -0.015537174282741822,
    "poc_tot": -0.008937295538666163,
    "crc_tot": 0.0011554607107747193,
    "workers": 0.0034159004960426977,
    "iahu_x": -0.0011710891090245482,
    "iahu_p": -5.973539516257814e-05,
    "poi_tot": -0.012736826199993664,
    "poi_atm": -0.005765811145472213,
    "poi_bank": 0.008376016757856996,
    "poi_mall": -0.0008881207001554414,
    "poi_edut": -0.009470658162582614,
    "poi_eduk": -0.0013832550238894628,
    "poi_edup": 0.007420044083662833,
    "poi_edus": 0.011631247457258775,
    "poi_eduh": 0.0005045652729459222,
    "poi_ret": 0.002845173609062874,
    "poi_rcon": 0.013254210942359136,
    "poi_rdro": 0.0026302301803874,
    "poi_rdys": 0.001481692997045292,
    "poi_rhip": 0.0006830765379829526,
    "poi_rsup": 0.002080498895172294,
    "poi_haz": 0.0021836569500658905,
    "poi_hor": -0.002106239175111883,
    "poi_cul": -0.001106590810700665,
    "poi_poo": 0.0005751315063898007,
    "poi_enc": -0.00541589409929792,
    "poi_gst": -0.000763886938568218,
    "poi_trt": -0.04053534802316637,
    "poi_trst": -0.001349279627146141,
    "poi_tsto": 0.046476914482577195,
    "poi_ps": -0.0009722687882465863,
    "poi_hea": 0.0062989318473261,
    "poi_heap": 0.013142888273264453,
    "alc_t": -0.031695470675822346,
    "alc_r": -0.005151527744812935,
    "alc_h": 0.0028433670561568785,
    "pod_atm": 0.0003733636316591588,
    "pod_bank": 0.0046820484744377645,
    "pod_mall": 2.5726401450703813e-05,
    "pod_edut": 0.0005004848676207754,
    "pod_eduk": -0.0004143244631752255,
    "pod_edup": 0.0025063767689276484,
    "pod_edus": 0.0004259229905471086,
    "pod_eduh": 0.00014898231326468256,
    "pod_rt": -0.002056360679036021,
    "pod_rcon": 0.005459906113090448,
    "pod_rdro": 0.0010320652938871186,
    "pod_rdys": 3.257048061497376e-05,
    "pod_rhip": -7.907726871252684e-06,
    "pod_rsup": 0.0015962710915904672,
    "pod_haz": 0.0005826486431129702,
    "pod_hor": 0.00011831697352989451,
    "pod_cul": 0.002718129583355897,
    "pod_poo": -0.0010193670323637779,
    "pod_enc": -0.0002597610470711214,
    "pod_gst": -0.0011270836362405176,
    "pod_trt": -0.007077015044420705,
    "pod_trst": 0.0012977740422676954,
    "pod_tsto": 3.936875770926569e-05,
    "pod_ps": 0.0007142915919518802,
    "pod_hea": 0.001952397118263219,
    "pod_heap": -0.004113931713187889,
    "lat": 0.001083514698004495,
    "lon": -0.0005793267186813218,
    "ctype_MIASTO": 0.002678746392948539,
    "ctype_WIEŚ": 0.002679074842618917
}