{
    "mwg7": -159.76368389309926,
    "mwg7d": 159.76211054435544,
    "area_km2": 0.6211641990675447,
    "bld_t": 0.7191598087858128,
    "bld_r": 0.04020990387419577,
    "apts_t": -0.19408397374404632,
    "apts_r": -0.061818698422337615,
    "pop_apts": 0.025725218334366386,
    "pop_tot": -1.0678426983485612,
    "hh_size": 0.048732892129963144,
    "pop_den": 0.7918451415585477,
    "pop_ax_t": 0.6511648596190234,
    "pprf": -0.13911903186671798,
    "pprm": 0.2385863778683444,
    "ppr0004": 0.04999905477113365,
    "ppr0509": -0.04452859199855223,
    "ppr1014": -0.06587084692145599,
    "ppr1519": 0.0001729605839892164,
    "ppr2024": 0.008059205575583688,
    "ppr2529": 0.016855660602441275,
    "ppr3034": -0.2100935028462366,
    "ppr3539": 0.10033837737812223,
    "ppr4044": 0.09664678767922454,
    "ppr4549": 0.20329456729180997,
    "ppr5054": 0.16482693607672982,
    "ppr5559": 0.13766941593595777,
    "ppr6064": 0.03021422559513545,
    "ppr6569": -0.30891064558227593,
    "ppr7074": -0.086113230561365,
    "ppr7599": -0.8699941868836817,
    "pbne_fcs": -8.24388257360081,
    "pbne_fi": 3.0825299256673886,
    "pbne_fpu": -1.0277520839082175,
    "pbne_rsf": 46.9370739093277,
    "pbne_rmb": -16.046502917322087,
    "pbne_rmt": -26.782249521846932,
    "pbne_un": 1.8487854976941562,
    "dinc_tot": -0.9255141214193504,
    "dinc_pc": 0.04804719159307444,
    "cs_all_tot": 2.5706857169800723,
    "cs_all_pc": -0.14427534418377513,
    "cs_fdb_tot": -1.4238588168407584,
    "cs_fdb_pc": 0.06278459867593912,
    "poc_tot": 0.0858691216891149,
    "crc_tot": -0.008228427464275778,
    "workers": 0.06418150896455985,
    "iahu_x": 0.051970570350007704,
    "iahu_p": -0.05525110962295282,
    "poi_tot": 0.21209247761236424,
    "poi_atm": -0.038202824063355956,
    "poi_bank": -0.020368454233643085,
    "poi_mall": 0.003055426995284815,
    "poi_edut": -0.07865625848743607,
    "poi_eduk": -0.004004046901882785,
    "poi_edup": 0.012967094290044289,
    "poi_edus": 0.026705540601243243,
    "poi_eduh": 0.0004817249388992472,
    "poi_ret": -0.0848623805950096,
    "poi_rcon": 0.06742552155817805,
    "poi_rdro": -0.006094076204822127,
    "poi_rdys": 0.009381376345524425,
    "poi_rhip": 0.0035339688385941366,
    "poi_rsup": 0.0185408259391211,
    "poi_haz": -0.007758832912256316,
    "poi_hor": -0.024733693582193808,
    "poi_cul": -0.010012165889547717,
    "poi_poo": -0.000570798309033362,
    "poi_enc": 0.0022454583775576176,
    "poi_gst": -0.0038218764940776743,
    "poi_trt": -0.1914831447329687,
    "poi_trst": -0.007381183624900317,
    "poi_tsto": 0.18059634453851625,
    "poi_ps": -0.0014803995794623632,
    "poi_hea": -0.09009597979520702,
    "poi_heap": 0.03681901872753379,
    "alc_t": 0.08660624656770488,
    "alc_r": -0.08333249612969236,
    "alc_h": -0.16815276600066065,
    "pod_atm": 0.003535977484857072,
    "pod_bank": 0.021483635422083938,
    "pod_mall": 0.0018526193665930257,
    "pod_edut": 0.004209703712475189,
    "pod_eduk": 0.0054191914343225955,
    "pod_edup": -0.0012054742857914229,
    "pod_edus": -0.006194214410877518,
    "pod_eduh": -0.0008267776226590324,
    "pod_rt": -0.004087671196627578,
    "pod_rcon": 0.030775098545382937,
    "pod_rdro": 0.013234923131433896,
    "pod_rdys": -0.0014755397357227313,
    "pod_rhip": 0.00011561507318332592,
    "pod_rsup": 0.00387325559399653,
    "pod_haz": 0.015361705525634121,
    "pod_hor": -0.006836272670204625,
    "pod_cul": 0.02613117988291494,
    "pod_poo": 0.00869449644421448,
    "pod_enc": 0.002512033727053284,
    "pod_gst": -0.003993365833103022,
    "pod_trt": -0.011362540203559717,
    "pod_trst": 0.002402038256788447,
    "pod_tsto": -0.003690221902571373,
    "pod_ps": 0.0038950830850148915,
    "pod_hea": 0.02321834850808997,
    "pod_heap": 0.017437329408099386,
    "lat": -0.0028102102721565413,
    "lon": -0.00164731193251979,
    "ctype_MIASTO": 0.01570387806091546,
    "ctype_WIEŚ": 0.015703878066606138
}