{
    "liczba budynków – suma": -0.0802022610890151,
    "liczba budynków - mieszkalnych": -0.11813283153142029,
    "liczba mieszkań - mieszkalnych według DataWise": -0.06466317266793693,
    "szacowana liczba mieszkańców razem": -0.0342166587256882,
    "średnia liczba osób na gospodarstwo domowe": -0.020194375277518616,
    "gęstość zaludnienia osób na km2": -0.2646966603696611,
    "szacowany średni wiek mieszkańców razem": 0.05993327822281582,
    "populacja - procent kobiet": 0.2744060047653192,
    "populacja - procent mężczyzn": -0.07660795879069618,
    "przykład: 4.13": 0.1751138785636714,
    "populacja - procentowe kategorie wiekowe od 5 do 9 lat": 3.8197903679165393,
    "populacja - kategorie wiekowe od 10 do 14 lat": 4.2989563326826445,
    "populacja - procentowe kategorie wiekowe od 15 do 19 lat": 8.126914586813166,
    "populacja - procentowe kategorie wiekowe od 20 do 24 lat": 12.528554282449715,
    "populacja - procentowe kategorie wiekowe od 25 do 29 lat": 18.37097746688953,
    "populacja - procentowe kategorie wiekowe od 30 do 34 lat": 35.166380446748704,
    "populacja - kategorie wiekowe od 35 do 39 lat": 113.48500767474002,
    "populacja - procentowe kategorie wiekowe od 40 do 44 lat": 308.1928958162872,
    "populacja - procentowe kategorie wiekowe od 45 do 49 lat": 94.3222585373287,
    "populacja - procentowe kategorie wiekowe od 50 do 54 lat": 118.97780756252402,
    "populacja - procentowe kategorie wiekowe od 55 do 59 lat": 31.182317923397438,
    "populacja - procentowe kategorie wiekowe od 60 do 64 lat": 13.962542191969021,
    "populacja - procentowe kategorie wiekowe od 65 do 69 lat": 10.853288135215049,
    "populacja - procent kategorii wiekowych od 70 do 75 lat": 5.178605894270691,
    "populacja - procent kategorii wiekowych powyżej 75 lat": 7.613125236344137,
    "liczba firm prywatnych": 0.15900680065056214,
    "liczba firm KRS RAZEM": 0.034360055677319944,
    "szacunkowa liczba osób pracujących w obszarze": -0.1180315227905135,
    "wskaźnik atrakcyjności - średnia wartość dla obszaru chwytania": 0.07266788193779394,
    "wskaźnik atrakcyjności - wartość dla punktu XY": -0.18622285455164897,
    "liczba punktów POI - ogółem": -0.1232448792451856,
    "liczba punktów POI - bankomat (bankomat)": 0.008359012175091607,
    "liczba punktów POI - oddział banku": 0.16901708364947723,
    "liczba punktów POI - centrum handlowe (centrum handlowe)": -0.0335514025270073,
    "liczba punktów POI - kategoria edukacji ogółem": -0.1506052062661297,
    "liczba punktów POI - przedszkole edukacyjne": -0.19864422980019275,
    "liczba punktów POI - edukacja szkoła podstawowa": 0.03430691235415386,
    "liczba punktów POI - szkoła średnia": 0.18540049702296219,
    "liczba punktów POI - wykształcenie wyższe / uniwersytet": -0.20589258838085572,
    "liczba punktów POI - suma detaliczna": 0.1096679934757943,
    "liczba punktów POI - wygoda sprzedaży": 0.21390900790809358,
    "liczba punktów POI - drogeria detaliczna (drogeria)": -0.025365820230619996,
    "liczba punktów POI - sklep dyskontowy detaliczny": -0.013571498658103032,
    "liczba punktów POI - hipermarket detaliczny": 0.0,
    "liczba punktów POI - supermarket detaliczny": 0.06825691444300164,
    "liczba punktów POI - gry / zagrożenia / lotto": -0.02396173695257291,
    "liczba punktów POI - HoReCa (hotele / restauracje / kawiarnia)": -0.08583776505783147,
    "liczba punktów POI - miejsca kultu (kościół)": 0.08565344719147712,
    "liczba punktów POI - poczta (poczta)": -0.168385765990457,
    "liczba punktów POI - rozrywka i kult": 0.16999248586838672,
    "liczba punktów POI - stacja benzynowa (stacja paliw)": -0.009363938550943019,
    "liczba punktów POI - stacja kolejowa transportu": 0.08895793063949542,
    "liczba punktów POI - suma transportu": -0.11024799495020474,
    "liczba punktów POI - przystanki transportu": 0.27092606150120624,
    "liczba punktów POI - biuro / administracja publiczna": -0.08194903613035151,
    "liczba punktów POI - suma zdrowia": 0.10507881450169779,
    "liczba punktów POI - apteka zdrowia": -0.22860634396402862,
    "liczba punktów POI - suma alco (sprzedaż detaliczna + horeca)": 0.08865356233470942,
    "liczba punktów POI - sklep detaliczny": 0.17729643625278638,
    "liczba punktów POI - alco horeca": -0.22988699291807704,
    "odległość w metrach do najbliższego POI (-1 = większy niż 5000 m) - bankomat (bankomat)": 0.056908702027173776,
    "odległość w metrach do najbliższego POI (-1 = większy niż 5000 m) - oddział banku": 0.08606626767578902,
    "odległość w metrach do najbliższego POI (-1 = większa niż 5000 m) - centrum handlowe (centrum handlowe)": -0.056751031476730954,
    "odległość w metrach do najbliższego POI (-1 = większa niż 5000 m) - kategoria edukacji ogółem": -0.19782396497069604,
    "odległość w metrach do najbliższego POI (-1 = większy niż 5000 m) - przedszkole edukacyjne": 0.1856535301188301,
    "odległość w metrach do najbliższego POI (-1 = więcej niż 5000 m) - szkoła podstawowa edukacji": 0.10787037045655481,
    "odległość w metrach do najbliższego POI (-1 = więcej niż 5000 m) - szkoła średnia edukacyjna": 0.15853544096797653,
    "odległość w metrach do najbliższego punktu POI (-1 = większa niż 5000 m) - wykształcenie wyższe / uniwersytet": -0.35663907653052646,
    "odległość w metrach do najbliższego POI (-1 = więcej niż 5000 m) - suma detaliczna": 0.09263965291563263,
    "odległość w metrach do najbliższego POI (-1 = większy niż 5000 m) - wygoda sprzedaży detalicznej": -0.05162696194668799,
    "odległość w metrach do najbliższego POI (-1 = więcej niż 5000 m) - drogeria w sklepie (drogeria)": -0.04135354423950473,
    "odległość w metrach do najbliższego punktu POI (-1 = większy niż 5000 m) - detaliczny sklep dyskontowy": -0.09335980183671548,
    "odległość w metrach do najbliższego POI (-1 = większy niż 5000 m) - hipermarket handlowy": 0.00038608268772568623,
    "odległość w metrach do najbliższego POI (-1 = większy niż 5000 m) - supermarket detaliczny": -0.09091700231164088,
    "odległość w metrach do najbliższego POI (-1 = większy niż 5000 m) - gry / hazard / lotto": 0.08854431724207715,
    "odległość w metrach do najbliższego POI (-1 = większa niż 5000 m) - HoReCa (hotele / restauracje / kawiarnia)": 0.061126660256139866,
    "odległość w metrach do najbliższego POI (-1 = większy niż 5000 m) - miejsca kultu (kościół)": -0.10600892363393193,
    "odległość w metrach do najbliższego POI (-1 = większa niż 5000 m) - poczta (poczta)": -0.12989403629836485,
    "odległość w metrach do najbliższego POI (-1 = większy niż 5000 m) - rozrywka i kult": 0.025744289292353083,
    "odległość w metrach do najbliższego POI (-1 = większe niż 5000 m) - stacja benzynowa (stacja paliw)": 0.1142715262159915,
    "odległość w metrach do najbliższego punktu POI (-1 = większa niż 5000 m) - suma transportu": -0.009893879665645677,
    "odległość w metrach do najbliższego POI (-1 = większy niż 5000 m) - stacja kolejowa transportu": -0.03797785289210296,
    "odległość w metrach do najbliższego POI (-1 = większy niż 5000 m) - zatrzymuje się transport": -0.07011138910926906,
    "odległość w metrach do najbliższego POI (-1 = więcej niż 5000 m) - biuro / administracja publiczna": -0.028579199930074673,
    "odległość w metrach do najbliższego POI (-1 = więcej niż 5000 m) - suma zdrowia": -0.03136512435165697,
    "odległość w metrach do najbliższego POI (-1 = większy niż 5000 m) - apteka zdrowia": 0.04024054790341145
}