{
    "liczba budynków – suma": -0.0003732457377700443,
    "liczba budynków - mieszkalnych": -0.00047421781792635157,
    "liczba mieszkań - mieszkalnych według DataWise": -0.0002732736496015699,
    "szacowana liczba mieszkańców razem": -0.00020884549265056003,
    "średnia liczba osób na gospodarstwo domowe": -0.00010294203488793171,
    "gęstość zaludnienia osób na km2": -0.0010638601839974553,
    "szacowany średni wiek mieszkańców razem": 0.00027244661734582363,
    "populacja - procent kobiet": 0.0011368894322876005,
    "populacja - procent mężczyzn": -0.00038218963089466134,
    "przykład: 4.13": 0.00071703148650735,
    "populacja - procentowe kategorie wiekowe od 5 do 9 lat": 0.015906137144979786,
    "populacja - kategorie wiekowe od 10 do 14 lat": 0.017867966132906643,
    "populacja - procentowe kategorie wiekowe od 15 do 19 lat": 0.033762028334834014,
    "populacja - procentowe kategorie wiekowe od 20 do 24 lat": 0.025313860556857543,
    "populacja - procentowe kategorie wiekowe od 25 do 29 lat": 0.028849756854255535,
    "populacja - procentowe kategorie wiekowe od 30 do 34 lat": 0.04348237796514186,
    "populacja - kategorie wiekowe od 35 do 39 lat": 0.04699962620794538,
    "populacja - procentowe kategorie wiekowe od 40 do 44 lat": 0.21319915464568773,
    "populacja - procentowe kategorie wiekowe od 45 do 49 lat": 0.0739650301762026,
    "populacja - procentowe kategorie wiekowe od 50 do 54 lat": 0.3291790595999827,
    "populacja - procentowe kategorie wiekowe od 55 do 59 lat": 0.023386102374599833,
    "populacja - procentowe kategorie wiekowe od 60 do 64 lat": 0.01522739830276508,
    "populacja - procentowe kategorie wiekowe od 65 do 69 lat": 0.05985323831397538,
    "populacja - procent kategorii wiekowych od 70 do 75 lat": 0.04307946804240519,
    "populacja - procent kategorii wiekowych powyżej 75 lat": 0.03159635803657109,
    "liczba firm prywatnych": 0.0006746427417791209,
    "liczba firm KRS RAZEM": 9.155314655634778e-05,
    "szacunkowa liczba osób pracujących w obszarze": -0.0004736171365195219,
    "wskaźnik atrakcyjności - średnia wartość dla obszaru chwytania": 0.00027051877413614817,
    "wskaźnik atrakcyjności - wartość dla punktu XY": -0.0007887739070273519,
    "liczba punktów POI - ogółem": -0.0004922370836824493,
    "liczba punktów POI - bankomat (bankomat)": 7.675327261983483e-05,
    "liczba punktów POI - oddział banku": 0.0006903099692269606,
    "liczba punktów POI - centrum handlowe (centrum handlowe)": -8.858172605193068e-05,
    "liczba punktów POI - kategoria edukacji ogółem": -0.0006535889236401404,
    "liczba punktów POI - przedszkole edukacyjne": -0.0008145550472104225,
    "liczba punktów POI - edukacja szkoła podstawowa": 0.00015474279517281554,
    "liczba punktów POI - szkoła średnia": 0.0007760274192580351,
    "liczba punktów POI - wykształcenie wyższe / uniwersytet": -0.0007430293020357271,
    "liczba punktów POI - suma detaliczna": 0.00045008924668900823,
    "liczba punktów POI - wygoda sprzedaży": 0.0009545168926795152,
    "liczba punktów POI - drogeria detaliczna (drogeria)": -0.00014941484717003367,
    "liczba punktów POI - sklep dyskontowy detaliczny": -7.587488649932214e-05,
    "liczba punktów POI - hipermarket detaliczny": 0.0,
    "liczba punktów POI - supermarket detaliczny": 0.00025863504000598003,
    "liczba punktów POI - gry / zagrożenia / lotto": -0.00013997206707006652,
    "liczba punktów POI - HoReCa (hotele / restauracje / kawiarnia)": -0.000392381120217993,
    "liczba punktów POI - miejsca kultu (kościół)": 0.0003710872113585793,
    "liczba punktów POI - poczta (poczta)": -0.0007314301876167918,
    "liczba punktów POI - rozrywka i kult": 0.0007434284681717376,
    "liczba punktów POI - stacja benzynowa (stacja paliw)": -8.205467215138365e-05,
    "liczba punktów POI - stacja kolejowa transportu": 0.00037362994445939247,
    "liczba punktów POI - suma transportu": -0.00041679322955419704,
    "liczba punktów POI - przystanki transportu": 0.0010815663296578502,
    "liczba punktów POI - biuro / administracja publiczna": -0.00038411267629926695,
    "liczba punktów POI - suma zdrowia": 0.0004629430245158115,
    "liczba punktów POI - apteka zdrowia": -0.0008919340871499054,
    "liczba punktów POI - suma alco (sprzedaż detaliczna + horeca)": 0.00032924953282227674,
    "liczba punktów POI - sklep detaliczny": 0.0007751774810870512,
    "liczba punktów POI - alco horeca": -0.0009428260951014341,
    "odległość w metrach do najbliższego POI (-1 = większy niż 5000 m) - bankomat (bankomat)": 0.00017399693260710923,
    "odległość w metrach do najbliższego POI (-1 = większy niż 5000 m) - oddział banku": 0.0003917043742290896,
    "odległość w metrach do najbliższego POI (-1 = większa niż 5000 m) - centrum handlowe (centrum handlowe)": -0.00015091728327366175,
    "odległość w metrach do najbliższego POI (-1 = większa niż 5000 m) - kategoria edukacji ogółem": -0.0007944847638747486,
    "odległość w metrach do najbliższego POI (-1 = większy niż 5000 m) - przedszkole edukacyjne": 0.000740259442245412,
    "odległość w metrach do najbliższego POI (-1 = więcej niż 5000 m) - szkoła podstawowa edukacji": 0.00046659119721045286,
    "odległość w metrach do najbliższego POI (-1 = więcej niż 5000 m) - szkoła średnia edukacyjna": 0.0006584055130201685,
    "odległość w metrach do najbliższego punktu POI (-1 = większa niż 5000 m) - wykształcenie wyższe / uniwersytet": -0.0014425461530026425,
    "odległość w metrach do najbliższego POI (-1 = więcej niż 5000 m) - suma detaliczna": 0.0003292817802407865,
    "odległość w metrach do najbliższego POI (-1 = większy niż 5000 m) - wygoda sprzedaży detalicznej": -0.0002473991131338749,
    "odległość w metrach do najbliższego POI (-1 = więcej niż 5000 m) - drogeria w sklepie (drogeria)": -0.00024350215267836573,
    "odległość w metrach do najbliższego punktu POI (-1 = większy niż 5000 m) - detaliczny sklep dyskontowy": -0.0003104870416465242,
    "odległość w metrach do najbliższego POI (-1 = większy niż 5000 m) - hipermarket handlowy": -2.364245696640592e-05,
    "odległość w metrach do najbliższego POI (-1 = większy niż 5000 m) - supermarket detaliczny": -0.00040966171531031854,
    "odległość w metrach do najbliższego POI (-1 = większy niż 5000 m) - gry / hazard / lotto": 0.00044730054806742643,
    "odległość w metrach do najbliższego POI (-1 = większa niż 5000 m) - HoReCa (hotele / restauracje / kawiarnia)": 0.0002812420263666432,
    "odległość w metrach do najbliższego POI (-1 = większy niż 5000 m) - miejsca kultu (kościół)": -0.0004653545603728372,
    "odległość w metrach do najbliższego POI (-1 = większa niż 5000 m) - poczta (poczta)": -0.0005664660768389578,
    "odległość w metrach do najbliższego POI (-1 = większy niż 5000 m) - rozrywka i kult": 0.0001438848238619691,
    "odległość w metrach do najbliższego POI (-1 = większe niż 5000 m) - stacja benzynowa (stacja paliw)": 0.000493134505280893,
    "odległość w metrach do najbliższego punktu POI (-1 = większa niż 5000 m) - suma transportu": -5.457205178058425e-05,
    "odległość w metrach do najbliższego POI (-1 = większy niż 5000 m) - stacja kolejowa transportu": -0.00017291309520248724,
    "odległość w metrach do najbliższego POI (-1 = większy niż 5000 m) - zatrzymuje się transport": -0.00031898244823547607,
    "odległość w metrach do najbliższego POI (-1 = więcej niż 5000 m) - biuro / administracja publiczna": -0.00012988681162972158,
    "odległość w metrach do najbliższego POI (-1 = więcej niż 5000 m) - suma zdrowia": -0.00015999605632630872,
    "odległość w metrach do najbliższego POI (-1 = większy niż 5000 m) - apteka zdrowia": 0.0001759606644218447
}