{
    "mwg7": 4.246567982358648,
    "mwg7d": -4.245427645455424,
    "area_km2": -0.35423268748797687,
    "bld_t": 0.1688014431016437,
    "bld_r": -0.010440179641863964,
    "apts_t": 0.642479079485822,
    "apts_r": -0.2651423082041513,
    "pop_apts": 0.6750091289286804,
    "pop_tot": 2.6522425553704942,
    "hh_size": -0.0076554510041056244,
    "pop_den": -0.7183858413351047,
    "pop_ax_t": 0.22313317933882326,
    "pprf": 0.1886163596180993,
    "pprm": -0.07847112680196283,
    "ppr0004": -0.09164946581734804,
    "ppr0509": 0.020476774773875626,
    "ppr1014": 0.008139495991730562,
    "ppr1519": -0.004641718671598632,
    "ppr2024": 0.05496408835955416,
    "ppr2529": 0.08536965591690764,
    "ppr3034": 0.13628481540739806,
    "ppr3539": 0.058374776893216865,
    "ppr4044": -0.1492248659028056,
    "ppr4549": -0.1817308469312519,
    "ppr5054": -0.001775341339273836,
    "ppr5559": 0.07333499446475746,
    "ppr6064": 0.11383635708244208,
    "ppr6569": 0.16328422937057566,
    "ppr7074": -0.14120310847310813,
    "ppr7599": -0.4974980139791756,
    "pbne_fcs": -0.9258173289502574,
    "pbne_fi": -0.27735024949197284,
    "pbne_fpu": -0.20303456031989625,
    "pbne_rsf": 6.898776461981511,
    "pbne_rmb": -3.830845173754957,
    "pbne_rmt": -2.1765613454398425,
    "pbne_un": 0.49613854877354635,
    "dinc_tot": -0.5111229018141286,
    "dinc_pc": -0.0630546155172349,
    "cs_all_tot": 2.716216607380259,
    "cs_all_pc": -0.029916902619268906,
    "cs_fdb_tot": -3.9706616901365948,
    "cs_fdb_pc": 0.09118800503962718,
    "poc_tot": -0.11245014969145328,
    "crc_tot": -0.02618298641920228,
    "workers": 0.03847296472875611,
    "iahu_x": -0.04757427453920528,
    "iahu_p": 0.05474959198929705,
    "poi_tot": 0.037030265518385744,
    "poi_atm": 0.012815027491676989,
    "poi_bank": -0.026641022585383492,
    "poi_mall": 0.0007859367652553037,
    "poi_edut": 0.03475912056731026,
    "poi_eduk": -0.022446638338717954,
    "poi_edup": 0.0004673647129328916,
    "poi_edus": -0.017229904362156837,
    "poi_eduh": 1.4502600250611364e-05,
    "poi_ret": -0.0031575041428443876,
    "poi_rcon": 0.00671827692003809,
    "poi_rdro": -0.006178469118793114,
    "poi_rdys": -0.017235968108439165,
    "poi_rhip": 3.129638178283304e-05,
    "poi_rsup": 0.0016501048381145655,
    "poi_haz": 0.01233955144370679,
    "poi_hor": -0.016142352745394203,
    "poi_cul": -0.0006212841506349118,
    "poi_poo": -0.004625030572765362,
    "poi_enc": 0.03480308727584538,
    "poi_gst": 0.0001400498379208997,
    "poi_trt": -0.06076973425686768,
    "poi_trst": 0.0002310867161033667,
    "poi_tsto": 0.04232408297771671,
    "poi_ps": -0.0012937028679484398,
    "poi_hea": 0.013658416108889,
    "poi_heap": -0.025049035972507815,
    "alc_t": 0.08649032318053784,
    "alc_r": -0.006245343579042154,
    "alc_h": 0.03322521476498139,
    "pod_atm": 0.00043163719118717185,
    "pod_bank": 0.00568894417598614,
    "pod_mall": -0.00041880916727912807,
    "pod_edut": -0.004909830397215146,
    "pod_eduk": 0.006842514205919654,
    "pod_edup": -0.004296946608085082,
    "pod_edus": -0.0002787375097865193,
    "pod_eduh": 0.00023248896087415207,
    "pod_rt": 0.0012421847765449446,
    "pod_rcon": -0.004649964640422334,
    "pod_rdro": -0.00504795918565651,
    "pod_rdys": -9.08972103838989e-05,
    "pod_rhip": -0.00011332879579406446,
    "pod_rsup": -0.001197054940599126,
    "pod_haz": 0.0012515460663012918,
    "pod_hor": 0.0009116027480067628,
    "pod_cul": 3.989090534625308e-05,
    "pod_poo": 0.0020912307408268295,
    "pod_enc": -0.0019515469098559796,
    "pod_gst": -0.004917905482885876,
    "pod_trt": 0.008390338546775879,
    "pod_trst": 0.005659665583388767,
    "pod_tsto": -0.004253541254863808,
    "pod_ps": -0.0032640119560176104,
    "pod_hea": 0.0045150741412197035,
    "pod_heap": 0.0011371162735454039,
    "lat": 0.00023725193793716474,
    "lon": 0.001305842903593299,
    "ctype_MIASTO": 0.0005795799458538711,
    "ctype_WIEŚ": 0.0005795910390842471
}